<rss version="2.0" xmlns:sparkle="http://www.andymatuschak.org/xml-namespaces/sparkle"  xmlns:dc="http://purl.org/dc/elements/1.1/">
  <channel>
    <title>DS Core</title>
    <link>https://raw.githubusercontent.com/fbmore/DS-Pro-Sketch-Plugin/main/appcast.xml</link>
    <description>Batch create Typography, Color Scales and Components really fast.</description>
    <language>en</language>
    <item>
      <title>Version 1.5</title>
      <description>
        <![CDATA[
        <ul>
          <li>Initial release</li>
        </ul>
        ]]>
      </description>
      <enclosure url="https://github.com/fbmore/DS-Pro-Sketch-Plugin/raw/main/DS%20Pro.sketchplugin.zip" sparkle:version="1.5" type="application/octet-stream"/>
    </item>
  </channel>
</rss>
